SMILES,ERRORS
COc1cc(cc(c1O)OC)[C@H]1[C@H]2C(=O)OC[C@@H]2[C@@H](c2c1cc1OCOc1c2)O[C@@H]1O[C@@H]2CO[C@H](O[C@H]2[C@@H]([C@H]1O)O)C,ERROR
COc1cc(cc(c1O)OC)[C@H]1[C@H]2C(=O)OC[C@@H]2[C@@H](c2c1cc1OCOc1c2)O[C@H]1O[C@H]2CO[C@@H](O[C@@H]2[C@H]([C@@H]1O)O)C,SUCCESS
COc1cc(cc(c1OC(=O)OCC(Cl)(Cl)Cl)OC)[C@H]1[C@H]2C(=O)OC[C@@H]2[C@@H](c2c1cc(O)c(c2)O)O[C@@H]1O[C@@H]2CO[C@H](O[C@H]2[C@@H]([C@H]1OC(=O)OCC(Cl)(Cl)Cl)OC(=O)OCC(Cl)(Cl)Cl)C,SUCCESS
COc1cc(cc(c1OP(=O)(O)O)OC)[C@H]1[C@H]2C(=O)OC[C@@H]2[C@@H](c2c1cc1OCOc1c2)O[C@@H]1O[C@@H]2CO[C@H](O[C@H]2[C@@H]([C@H]1O)O)C,SUCCESS
COc1cc(cc(c1O[C@@H]1O[C@H](C(=O)O)[C@H]([C@@H]([C@H]1O)O)O)OC)[C@H]1[C@H]2C(=O)OC[C@@H]2[C@@H](c2c1cc1OCOc1c2)O[C@@H]1O[C@@H]2CO[C@H](O[C@H]2[C@@H]([C@H]1O)O)C,SUCCESS
O=C([C@@H](c1ccccc1)N)N[C@@H]1C(=O)N2[C@@H]1SC([C@@H]2C(=O)OCOC(=O)[C@@H]1N2C(=O)C[C@H]2S(=O)(=O)C1(C)C)(C)C,SUCCESS
N#CCSCC(=O)N[C@]1(OC)C(=O)N2[C@@H]1SCC(=C2C(=O)O)CSc1nnnn1C,SUCCESS
O=C([C@@H](c1ccccc1)NC(=O)N1CCNC1=O)N[C@@H]1C(=O)N2[C@@H]1SC([C@@H]2C(=O)O)(C)C,SUCCESS
CO/N=C(/c1csc(n1)N)\C(=O)N[C@@H]1C(=O)N2[C@@H]1SCC(=C2C(=O)[O-])C[N+]1(C)CCCC1,SUCCESS
O=C([C@@H](C1=CCC=CC1)N)N[C@@H]1C(=O)N2[C@@H]1SCC(=C2C(=O)O)C,SUCCESS
COc1cccc(c1C(=O)N[C@@H]1C(=O)N2[C@@H]1SC([C@@H]2C(=O)O)(C)C)OC,SUCCESS
CC(=O)OCC1=C(N2[C@H](SC1)[C@@H](C2=O)NC(=O)CC#N)C(=O)O,SUCCESS
N[C@H](c1ccccc1)C(=O)N[C@@H]1C(=O)N2[C@@H]1SC([C@@H]2C(=O)O)(C)C,SUCCESS
Nc1nc(cs1)/C(=N/OCC(=O)O)/C(=O)N[C@H]1[C@H]2SCC(=C(N2C1=O)C(=O)O)C=C,SUCCESS
OC(=O)[C@@H]1N2C(=O)C[C@H]2S(=O)(=O)C1(C)C,SUCCESS
O=C(N[C@@H]1C(=O)N2[C@@H]1SC([C@@H]2C(=O)O)(C)C)COc1ccccc1,SUCCESS
O=C(N[C@@H]1C(=O)N2[C@@H]1SC([C@@H]2C(=O)O)(C)C)Cc1ccccc1.CCN(CCOC(=O)c1ccc(cc1)N)CC,SUCCESS
CC(=O)OCOC(=O)[C@@H]1N2C(=O)[C@H]([C@H]2SC1(C)C)NC(=O)Cc1ccccc1,SUCCESS
COC(c1ccc(c(c1)Cl)Cl)C(=O)N[C@@H]1C(=O)N2[C@@H]1SC([C@@H]2C(=O)O)(C)C,SUCCESS
O=C1[C@@H](NC(=O)/C(=N\OC(C(=O)O)(C)C)/c2csc(n2)N)[C@@H]2N1C(=C(CS2)C[N+]1(CCCC1)CCNC(=O)c1ccc(c(c1Cl)O)O)C(=O)[O-],SUCCESS
O=C(C(C(=O)Oc1ccc2c(c1)CCC2)c1ccccc1)N[C@@H]1C(=O)N2[C@@H]1SC([C@@H]2C(=O)O)(C)C,SUCCESS
OC(=O)[C@@H]1N2C(=O)[C@H]([C@H]2SC1(C)C)NC(=O)c1c(C)onc1c1ccccc1,SUCCESS
CCO/N=C(/c1nsc(n1)NP(=O)(O)O)\C(=O)N[C@@H]1C(=O)N2[C@@H]1SCC(=C2C(=O)[O-])Sc1scc(n1)c1cc[n+](cc1)C,SUCCESS
CO/N=C(/c1csc(n1)N)\C(=O)N[C@H]1[C@H]2SCC=C(N2C1=O)C(=O)O,SUCCESS
C[C@H]1[C@H](NC(=O)/C(=N\OC(C(=O)O)(C)C)/c2csc(n2)N)C(=O)N1S(=O)(=O)O,SUCCESS
O/N=C(/c1csc(n1)N)\C(=O)N[C@@H]1C(=O)N2[C@@H]1SCC(=C2C(=O)O)C=C,SUCCESS
CO/N=C(/c1csc(n1)N)\C(=O)N[C@@H]1C(=O)N2[C@@H]1SCC(=C2C(=O)O)COC(=O)C,SUCCESS
NC(=O)OC[C@@H]1[C@H](NC(=O)/C(=N\OCC(=O)O)/c2csc(n2)N)C(=O)N1S(=O)(=O)O,SUCCESS
O=C([C@@H](c1cscc1)C(=O)O)N[C@@H]1C(=O)N2[C@@H]1SC([C@@H]2C(=O)O)(C)C,SUCCESS
CO/N=C(/c1csc(n1)N)\C(=O)N[C@H]1[C@H]2SCC(=C(N2C1=O)C(=O)O)C,SUCCESS
O=C(Cc1ccccc1)N[C@@H]1C(=O)N2[C@@H]1SC([C@@H]2C(=O)O)(C)C,SUCCESS
N[C@H](C1=CCC=CC1)C(=O)N[C@@H]1C(=O)N2[C@@H]1SC([C@@H]2C(=O)O)(C)C,SUCCESS
O=C([C@@H](c1ccccc1)N=[N+]=[N-])N[C@@H]1C(=O)N2[C@@H]1SC([C@@H]2C(=O)O)(C)C,SUCCESS
CO/N=C(/c1csc(n1)N)\C(=O)N[C@@H]1C(=O)N2[C@@H]1SCC(=C2C(=O)O)CSc1nc(=O)c(nn1C)O,SUCCESS
Oc1ccc(cc1)[C@H](C(=O)N[C@@H]1C(=O)N2[C@@H]1SCC(=C2C(=O)O)CSc1nnnn1C)NC(=O)c1cnc(cc1O)C,SUCCESS
O=C([C@@H](c1ccc(cc1)O)N)N[C@@H]1C(=O)N2[C@@H]1SCC(=C2C(=O)O)CSc1c[nH]nn1,SUCCESS
O=C(N[C@@H]1C(=O)N2[C@@H]1SCC(=C2C(=O)[O-])C[n+]1ccccc1)Cc1cccs1,SUCCESS
O/N=C(\c1nsc(n1)N)/C(=O)N[C@@H]1C(=O)N2[C@@H]1SCC(=C2C(=O)O)/C=C/1\CCN(C1=O)[C@@H]1CCN(C1)C(=O)OCc1oc(=O)oc1C,SUCCESS
O=C(C(c1ccccc1)C(=O)O)N[C@@H]1C(=O)N2[C@@H]1SC([C@@H]2C(=O)O)(C)C,SUCCESS
CC(C(=O)N[C@@H]1C(=O)N2[C@@H]1SC([C@@H]2C(=O)O)(C)C)Oc1ccccc1,SUCCESS
OCCn1nnnc1SCC1=C(C(=O)O)N2[C@H](OC1)[C@](C2=O)(OC)NC(=O)CSC(F)F,SUCCESS
OC(=O)[C@@H]1N2C(=O)[C@H]([C@H]2SC1(C)C)/N=C/N1CCCCCC1,SUCCESS
OC(=O)C/C=C(\C(=O)N[C@@H]1C(=O)N2[C@@H]1SCC=C2C(=O)O)/c1csc(n1)N,SUCCESS
O=C([C@H]1NC[C@H](C1)SC1=C(C(=O)O)N2[C@H]([C@H]1C)[C@H](C2=O)[C@H](O)C)Nc1cccc(c1)C(=O)O,SUCCESS
O=C(C(S(=O)(=O)O)c1ccccc1)N[C@@H]1C(=O)N2[C@@H]1SC([C@@H]2C(=O)O)(C)C,SUCCESS
CCN1CCN(C(=O)C1=O)C(=O)N[C@@H](C(=O)N[C@]1(OC)C(=O)N2[C@@H]1SCC(=C2C(=O)O)CSc1nnnn1C)[C@@H](O)C,SUCCESS
O=C([C@H](S(=O)(=O)[O-])c1ccccc1)N[C@@H]1C(=O)N2[C@@H]1SCC(=C2C(=O)O)C[n+]1ccc(cc1)C(=O)N,SUCCESS
CO/N=C(/c1csc(n1)N)\C(=O)N[C@H]1[C@H]2SCC(=C(N2C1=O)C(=O)O)COC,SUCCESS
CNC(=O)C[C@H](C(=O)N[C@H](c1ccc(cc1)O)C(=O)N[C@@H]1C(=O)N2[C@@H]1SC([C@@H]2C(=O)O)(C)C)N,SUCCESS
NCc1ccccc1CC(=O)N[C@@H]1C(=O)N2[C@@H]1SCC(=C2C(=O)O)CSc1nnnn1CC(=O)O,SUCCESS
Cc1nnc(s1)SCC1=C(C(=O)O)N2[C@H](SC1)[C@@H](C2=O)NC(=O)Cn1cc(Cl)c(=O)c(c1)Cl,SUCCESS
CO/N=C(/c1nsc(n1)N)\C(=O)N[C@@H]1C(=O)N2[C@@H]1SCC(=C2C(=O)[O-])C[n+]1ccn2c1cccn2,SUCCESS
OC(=O)[C@@H]1N2C(=O)[C@H]([C@H]2SC1(C)C)NC(=O)c1c(C)onc1c1c(Cl)cccc1Cl,SUCCESS
O=C([C@@H](c1ccccc1)N)N[C@@H]1C(=O)N2[C@@H]1SC([C@@H]2C(=O)OCOC(=O)C(C)(C)C)(C)C,SUCCESS
OC(=O)[C@@H]1N2C(=O)C[C@H]2S(=O)(=O)[C@@]1(C)Cn1ccnn1,SUCCESS
CO/N=C(\C(=O)N[C@@H]1C(=O)N2[C@@H]1SCC(=C2C(=O)O)CSc1nnnn1C)/c1csc(n1)N,SUCCESS
O=C1[C@@H](NC(=O)/C(=N\OC(C(=O)O)(C)C)/c2csc(n2)N)[C@@H]2N1C(=C(CS2)C[n+]1ccccc1)C(=O)[O-],SUCCESS
N[C@H](c1ccccc1)C(=O)N[C@@H]1C(=O)N2[C@@H]1SCC(=C2C(=O)O)C,SUCCESS
CC(=O)OCC1=C(C(=O)O)N2[C@H](SC1)[C@@H](C2=O)NC(=O)Cc1cccs1,SUCCESS
CO[C@@]1(NC(=O)Cc2cccs2)C(=O)N2[C@@H]1SCC(=C2C(=O)O)COC(=O)N,SUCCESS
CCC(C(=O)N[C@@H]1C(=O)N2[C@@H]1SC([C@@H]2C(=O)O)(C)C)Oc1ccccc1,SUCCESS
O=C([C@@H](c1ccc(cc1)O)N)N[C@@H]1C(=O)N2[C@@H]1SCC(=C2C(=O)O)C,SUCCESS
OC(=O)[C@@H]1N2C(=O)[C@H]([C@H]2SC1(C)C)NC(=O)c1c(C)onc1c1ccccc1Cl,SUCCESS
CN(CCn1nnnc1SCC1=C(C(=O)O)N2[C@H](SC1)[C@@H](C2=O)NC(=O)Cc1csc(n1)N)C,SUCCESS
CC/C=C(/c1csc(n1)N)\C(=O)N[C@@H]1C(=O)N2[C@@H]1SCC(=C2C(=O)O)COC(=O)N,SUCCESS
N[C@H](c1ccccc1)C(=O)N[C@H]1[C@H]2CCC(=C(N2C1=O)C(=O)O)Cl,SUCCESS
CCN1CCN(C(=O)C1=O)C(=O)N[C@@H](C(=O)N[C@@H]1C(=O)N2[C@@H]1SC([C@@H]2C(=O)O)(C)C)c1ccccc1,SUCCESS
CO[C@@]1(NC(=O)C(c2cscc2)C(=O)O)C(=O)N2[C@@H]1SC([C@@H]2C(=O)O)(C)C,SUCCESS
O=C(N[C@@H]1C(=O)N2[C@@H]1SCC(=C2C(=O)O)COC(=O)C)CSc1ccncc1,SUCCESS
O[C@@H](C(=O)N[C@@H]1C(=O)N2[C@@H]1SCC(=C2C(=O)O)CSc1nnnn1C)c1ccccc1,SUCCESS
CCOc1ccc2c(c1C(=O)N[C@@H]1C(=O)N3[C@@H]1SC([C@@H]3C(=O)O)(C)C)cccc2,SUCCESS
C[C@H]([C@H]1C(=O)N2[C@@H]1[C@@H](C)C(=C2C(=O)[O-])SC1C[n+]2n(C1)cnc2)O,SUCCESS
CO[C@@]1(NC(=O)C2SC(=C(C(=O)O)C(=O)N)S2)C(=O)N2[C@@H]1SCC(=C2C(=O)O)CSc1nnnn1C,SUCCESS
CO/N=C(/c1csc(n1)N)\C(=O)N[C@@H]1C(=O)N2[C@@H]1SCC(=C2C(=O)O)CSc1nc(c(s1)CC(=O)O)C,SUCCESS
CC=CC1=C(C(=O)O)N2[C@H](SC1)[C@@H](C2=O)NC(=O)[C@@H](c1ccc(cc1)O)N,SUCCESS
C[C@H]([C@H]1C(=O)N2[C@@H]1[C@@H](C)C(=C2C(=O)O)S[C@@H]1CN[C@@H](C1)CNS(=O)(=O)N)O,SUCCESS
OC(=O)[C@H](CC[C@]1(O)CNC1=O)N,SUCCESS
N[C@H](c1ccccc1)C(=O)N[C@@H]1C(=O)N2[C@@H]1SCC(=C2C(=O)O)Cl,SUCCESS
O=C1[C@@H](NC(=O)c2c(C)onc2c2c(F)cccc2Cl)[C@@H]2N1[C@@H](C(=O)O)C(S2)(C)C,SUCCESS
C=N[C@H](c1ccccc1)C(=O)N[C@@H]1C(=O)N2[C@@H]1SC([C@@H]2C(=O)O)(C)C,SUCCESS
CCN1CCN(C(=O)C1=O)C(=O)N[C@H](c1ccc(cc1)O)C(=O)N[C@@H]1C(=O)N2[C@@H]1SCC(=C2C(=O)O)CSc1nnnn1C,SUCCESS
O=C([C@@H](c1ccccc1)O)N[C@@H]1C(=O)N2[C@@H]1SCC(=C2C(=O)O)CSc1nnnn1CS(=O)(=O)O,SUCCESS
C[C@H]([C@H]1C(=O)N2[C@@H]1[C@@H](C)C(=C2C(=O)O)S[C@@H]1CN[C@@H](C1)C(=O)N(C)C)O,SUCCESS
O=C([C@@H](c1ccc(cc1)O)N)N[C@@H]1C(=O)N2[C@@H]1SC([C@@H]2C(=O)O)(C)C,SUCCESS
CCOC(=O)OC(OC(=O)[C@@H]1N2C(=O)[C@H]([C@H]2SC1(C)C)NC(=O)[C@@H](c1ccccc1)N)C,SUCCESS
O=C([C@@H]1N2C(=O)[C@H]([C@H]2SC1(C)C)/N=C/N1CCCCCC1)OCOC(=O)C(C)(C)C,SUCCESS
O=C(N[C@@H]1C(=O)N2[C@@H]1SCC(=C2C(=O)O)CSc1nncs1)Cn1cnnn1,SUCCESS
CO[C@@]1(NC(=O)CSC[C@H](C(=O)O)N)C(=O)N2[C@@H]1SCC(=C2C(=O)O)CSc1nnnn1C,SUCCESS
COC1=C(C(=O)O)N2[C@H](SC1)[C@@H](C2=O)NC(=O)[C@@H](C1=CCC=CC1)N,SUCCESS
CO/N=C(\C(=O)N[C@@H]1C(=O)N2[C@@H]1SCC(=C2C(=O)O)COC(=O)N)/c1ccco1,SUCCESS
CO/N=C(\C(=O)N[C@@H]1C(=O)N2[C@@H]1SCC(=C2C(=O)[O-])C[n+]1cccc2c1CCC2)/c1csc(n1)N,SUCCESS
CO/N=C(\C(=O)N[C@@H]1C(=O)N2[C@@H]1SCC(=C2C(=O)O)Cn1nnc(n1)C)/c1csc(n1)N,SUCCESS
O=C(N[C@@H]1C(=O)N2[C@@H]1SCC(=C2C(=O)O)CSc1nnc(s1)C)Cn1cnnn1,SUCCESS
O=C([C@@H](c1ccccc1)NC(=O)N1CCN(C1=O)S(=O)(=O)C)N[C@@H]1C(=O)N2[C@@H]1SC([C@@H]2C(=O)O)(C)C,SUCCESS
CO[C@@]1(NC(=O)C(c2ccc(cc2)O)C(=O)O)C(=O)N2[C@@H]1OCC(=C2C(=O)O)CSc1nnnn1C,SUCCESS
C[C@H]([C@H]1C(=O)N2[C@@H]1[C@@H](C)C(=C2C(=O)OCOC(=O)C(C)(C)C)SC1CN(C1)C1=NCCS1)O,SUCCESS
OC(=O)[C@@H]1N2C(=O)[C@H]([C@H]2SC1(C)C)N1C(=O)[C@H](NC1(C)C)c1ccccc1,SUCCESS
C[C@H]([C@H]1C(=O)N2[C@@H]1SC(=C2C(=O)O)[C@H]1CCCO1)O,SUCCESS
O=C(N1C(=O)CC1c1ccccc1)Oc1ccccc1,SUCCESS
CO/N=C(\C(=O)N[C@@H]1C(=O)N2[C@@H]1SCC(=C2C(=O)O)/C=C\c1scnc1C)/c1csc(n1)N,SUCCESS
O=C([C@@H](c1ccccc1)N)N[C@@H]1C(=O)N2[C@@H]1SC([C@@H]2C(=O)OC1OC(=O)c2c1cccc2)(C)C,SUCCESS
CC[C@@]1(O)C(=O)OCc2c1cc1c3nc4ccccc4c(c3Cn1c2=O)CN1CCN(CC1)S(=O)(=O)c1cc(F)cc(c1)F,SUCCESS
CC[C@@]1(O)C(=O)OCc2c1cc1c3nc4ccccc4c(c3Cn1c2=O)CN1CCN(CC1)S(=O)(=O)c1ccc(cc1)[N+](=O)[O-],SUCCESS
CC[C@@]1(O)C(=O)OCc2c1cc1c3nc4ccccc4c(c3Cn1c2=O)CNc1ccc(cc1)Br,SUCCESS
CC[C@@]1(O)C(=O)OCc2c1cc1c3nc4ccc(cc4c(c3Cn1c2=O)CC)B(O)O,SUCCESS
CCOC(=O)c1cc(cn1COC)0C(=O)COc1ccc2c(c1)cc1c(n2)c2n(C1)c(=O)c1c(c2)C(O)(CC)C(=O)OC1,SUCCESS
CC[C@@]1(O)C(=O)OCc2c1cc1c3nc4ccc5c(c4cc3Cn1c2=O)CCC(O5)OCC(C)C,SUCCESS
CC[C@@]1(OC(=O)[C@@H](NC(=O)C2=CC(N(C2(C)C)O)(C)C)Cc2ccccc2)C(=O)OCc2c1cc1c3nc4ccccc4cc3Cn1c2=O,SUCCESS
CC[C@@]1(O)C(=O)OCc2c1cc1c3nc4ccc(cc4c(c3Cn1c2=O)CC)OC(=O)N1CCC(CC1)N1CCCCC1,SUCCESS
CC[C@@]1(O)C(=O)OCc2c1cc1c3nc4ccc(c(c4cc3Cn1c2=O)CN(C)C)O.Cl,SUCCESS
OCCNCc1c2Cn3c(c2nc2c1cccc2)cc1c(c3=O)COC(=O)[C@]1(O)CC,SUCCESS
CC[C@@]1(O)C(=O)OCc2c1cc1c3nc4ccccc4c(c3Cn1c2=O)CC[Si](C)(C)C,SUCCESS
CC[C@@]1(O)C(=O)OCc2c1cc1c3nc4ccccc4cc3C(n1c2=O)N,SUCCESS
CC[C@@]1(O)C(=O)OCc2c1cc1c3nc4ccc(c(c4cc3Cn1c2=O)CN(C)C)O,SUCCESS
CC[C@@]1(O)CC(=O)OCc2c1cc1c3nc4cc(Cl)c(cc4c(c3Cn1c2=O)CN1CCC(CC1)C)C,SUCCESS
CO[C@H]1[C@H](O)[C@H](O[C@H]([C@H]1O)C)Oc1ccc(cc1)NC(=S)N[C@H](C(=O)N[C@H](C(=O)O[C@]1(CC)C(=O)OCc2c1cc1c3nc4ccccc4cc3Cn1c2=O)C(C)C)Cc1c[nH]cn1.Cl,SUCCESS
CC[C@@]1(O)C(=O)OCc2c1cc1c3nc4ccccc4c(c3Cn1c2=O)CNc1ccccc1,SUCCESS
CCCCc1c2ccccc2nc2c1Cn1c2cc2c(c1=O)CO[C@H]([C@]2(O)CC)OCCOCC,SUCCESS
CC[C@@]1(O)C(=O)OCc2c1cc1c3nc4ccccc4cc3[C@H](n1c2=O)N(C(=O)OC(C)(C)C)NC(=O)OC(C)(C)C,SUCCESS
CCCNCc1c2ccccc2nc2c1Cn1c2cc2c(c1=O)COC(=O)[C@]2(O)CC,SUCCESS
O/N=C(\C(=O)NCCSSCCNC(=O)CCCCCO/N=C/c1c2Cn3c(c2nc2c1cccc2)cc1c(c3=O)COC(=O)[C@]1(O)CC)/Cc1ccc(c(c1)Br)O,SUCCESS
FCCO[C@@H]1OCc2c([C@@]1(O)CC)cc1n(c2=O)Cc2c1nc1ccccc1c2,SUCCESS
CC[C@@]1(O)C(=O)OCc2c1cc1c3nc4cc5OCCOc5cc4c(c3Cn1c2=O)CN1CCN(CC1)C,SUCCESS
CO[C@H]1[C@H](O)[C@H](O[C@H]([C@H]1O)C)Oc1ccc(cc1)NC(=S)N[C@H](C(=O)N[C@H](C(=O)O[C@]1(CC)C(=O)OCc2c1cc1c3nc4ccccc4cc3Cn1c2=O)C(C)C)Cc1c[nH]cn1,SUCCESS
CCc1c2cc(ccc2nc2c1Cn1c2cc2c(c1=O)COC(=O)[C@]2(O)CC)OC(=O)CCC(=O)Oc1c(C)c(C)c2c(c1C)CC[C@@](O2)(C)CCC[C@@H](CCC[C@@H](CCCC(C)C)C)C,SUCCESS
CC[C@@]1(O)C(=O)OCc2c1cc1c3nc4ccccc4c(c3Cn1c2=O)CNc1ccc(cc1)Cl,SUCCESS
CC[C@@]1(O)C(=O)OCc2c1cc1c3nc4ccccc4c(c3Cn1c2=O)CNc1ccccn1,SUCCESS
CC[C@@]1(O)C(=O)OCc2c1cc1c3nc4ccc(cc4c(c3Cn1c2=O)CC)O,SUCCESS
CCCCS(=O)(=O)N1CCN(CC1)Cc1c2ccccc2nc2c1Cn1c2cc2c(c1=O)COC(=O)[C@]2(O)CC,SUCCESS
CC[C@@]1(O)C(=O)OCc2c1cc1c3nc4ccccc4c(c3Cn1c2=O)/C=N/OCc1ccccc1,SUCCESS
CC[C@@]1(O)C(=O)OCc2c1cc1c3nc4ccccc4c(c3Cn1c2=O)CN1CCN(CC1)S(=O)(=O)c1cc(OC)cc(c1)OC,SUCCESS
CC[C@@]1(O)C(=O)OCc2c1cc1c3nc4ccccc4c(c3Cn1c2=O)CN1CCN(CC1)S(=O)(=O)Cc1ccccc1,SUCCESS
CCOC(=O)c1cc(cn1COC)NC(=O)c1cc(cn1COC)NC(=O)c1cc(cn1COC)0C(=O)COc1ccc2c(c1)cc1c(n2)c2n(C1)c(=O)c1c(c2)C(O)(CC)C(=O)OC1,SUCCESS
CC[C@@]1(O)C(=O)OCc2c1cc1c3nc4ccccc4c(c3Cn1c2=O)CCNC(C)C.Cl,SUCCESS
C=CCc1c(O)ccc2c1cc1Cn3c(c1n2)cc1c(c3=O)COC(=O)[C@]1(O)CC,SUCCESS
C=CCc1c(ccc2c1cc1Cn3c(c1n2)cc1c(c3=O)COC(=O)[C@]1(O)CC)OC(=O)N1CCC(CC1)N1CCCCC1,SUCCESS
CC[C@@]1(O)C(=O)OCc2c1cc1c3nc4cc(F)c(c5c4c(c3Cn1c2=O)[C@H](CC5)NC(=O)COCNC(=O)CNC(=O)[C@H](Cc1ccccc1)NC(=O)CNC(=O)CNC(=O)CCCCCN1C(=O)CCC1=O)C,SUCCESS
CC[C@@]1(O)C(=O)OCc2c1cc1c3nc4ccccc4c(c3Cn1c2=O)CN1CCN(CC1)S(=O)(=O)c1ccc(cc1)C,SUCCESS
CCC1(O)C(=O)OCc2c1cc1c3nc4cc5OCOc5c(c4cc3Cn1c2=O)Cl,SUCCESS
CC[C@@]1(O)C(=O)OCc2c1cc1c3nc4cnccc4cc3Cn1c2=O,SUCCESS
CC[C@@]1(OCc2nnn(c2)CCOCCOCCOCCOCCOCCNC(=O)CCCC[C@@H]2SC[C@H]3[C@@H]2NC(=O)N3)C(=O)OCc2c1cc1c3nc4ccccc4c(c3Cn1c2=O)CC,SUCCESS
CC[C@@]1(OC(=O)CCCCCNC(=O)CCCC[C@@H]2SC[C@H]3[C@@H]2NC(=O)N3)C(=O)OCc2c1cc1c3nc4ccccc4cc3Cn1c2=O,SUCCESS
CC[C@@]1(O)C(=O)OCc2c1cc1c3nc4ccccc4c(c3Cn1c2=O)c1cnn(c1)C,SUCCESS
CC[C@@]1(O)CC(=O)OCc2c1cc1c3nc4cc(F)c(cc4cc3Cn1c2=O)F,SUCCESS
CCOC(=O)c1cc(cn1COC)NC(=O)c1cc(cn1COC)0C(=O)COc1ccc2c(c1)cc1c(n2)c2n(C1)c(=O)c1c(c2)C(O)(CC)C(=O)OC1,SUCCESS
CC[C@@]1(O)C(=O)OCc2c1cc1c3nc4ccccc4c(c3Cn1c2=O)/C=N/N=C(N)N,SUCCESS
CSCC[C@@H](C(=O)O[C@]1(CC)C(=O)OCc2c1cc1c3nc4ccccc4cc3Cn1c2=O)NC(=O)C1=CC(N(C1(C)C)O)(C)C,SUCCESS
CC[C@@]1(O)C(=O)OCc2c1cc1c3nc4ccccc4c(c3Cn1c2=O)CNc1ccc(cc1)OC,SUCCESS
CC[C@@]1(O)C(=O)OCc2c1cc1c3nc4ccccc4c(c3Cn1c2=O)CNc1ccc(cc1)C,SUCCESS
CC[C@@]1(O)C(=O)OCc2c1cc1c3nc4ccc(cc4cc3Cn1c2=O)OC(=O)CCCCCNC(=O)CCCC[C@@H]1SC[C@H]2[C@@H]1NC(=O)N2,SUCCESS
CC[C@@]1(O)C(=O)OCc2c1cc1c3nc4ccccc4c(c3Cn1c2=O)CN1CCN(CC1)S(=O)(=O)c1ccc(cc1)Cl,SUCCESS
OCCCO/N=C\c1c2ccccc2nc2c1Cn1c2cc2c(c1=O)COC(=O)[C@]2(O)CC,SUCCESS
CCC1(O)C(=O)OCc2c1cc1c3nc4ccccc4cc3Cn1c2=O,SUCCESS
CC[C@@]1(O)C(=O)OCc2c1cc1c3nc4ccccc4c(c3Cn1c2=O)C(=O)NC1CC(C)(C)N(C(C1)(C)C)[O],SUCCESS
CC[C@@]1(O)C(=O)OCc2c1cc1c3nc4ccc(cc4c(c3Cn1c2=O)CC)OCCC[n+]1ccccc1.[Br-],SUCCESS
COCn1cc(cc1C(=O)Nc1cn(c(c1)C(=O)NCCCN(C)C)COC)0C(=O)COc1ccc2c(c1)cc1c(n2)c2n(C1)c(=O)c1c(c2)C(O)(CC)C(=O)OC1,SUCCESS
CC[C@@]1(O)C(=O)OCc2c1cc1c3nc4ccccc4c(c3Cn1c2=O)/C=N/c1ccccc1C,SUCCESS
CC[C@@]1(O)C(=O)OCc2c1cc1n(c2=O)[C@@H](c2c1nc1ccccc1c2)N(C(=O)OCc1ccccc1)NC(=O)OCc1ccccc1,SUCCESS
CC[C@@]1(O)C(=O)OCc2c1cc1c3nc4ccc(c(c4cc3Cn1c2=O)CNC(=O)C)O,SUCCESS
CC[C@@]1(O)C(=O)OCc2c1cc1c3nc4ccc(cc4c(c3Cn1c2=O)CC)OC(=O)N1CCC(CC1)N1CCCCC1.O.O.O.Cl,SUCCESS
CC[C@@]1(O)C(=O)OCc2c1cc1c3nc4cc5OCCOc5cc4c(c3Cn1c2=O)CN1CCN(CC1)C.Cl.Cl,SUCCESS
CC[C@@]1(O)C(=O)OCc2c1cc1c3nc4ccccc4c(c3Cn1c2=O)CN1CCN(CC1)S(=O)(=O)c1ccc(cc1)OC,SUCCESS
CC[C@@]1(O)C(=O)OCc2c1cc1c3nc4ccccc4c(c3Cn1c2=O)CN1CCN(CC1)S(=O)(=O)c1ccc2c(c1)cccc2,SUCCESS
CC[C@@]1(O)C(=O)OCc2c1cc1c3nc4ccc(cc4c(c3Cn1c2=O)CC)OCCCOc1ncnc(c1)C(F)(F)F,SUCCESS
CC[C@@]1(O)C(=O)OCc2c1cc1c3nc4ccccc4c(c3Cn1c2=O)CN1CCN(CC1)S(=O)(=O)c1cccs1,SUCCESS
CC[C@@]1(O)C(=O)OCc2c1cc1c3nc4ccccc4c(c3Cn1c2=O)CN1CCN(CC1)S(=O)(=O)c1ccccc1,SUCCESS
CC[C@@]1(O)C(=O)OCc2c1cc1c3nc4ccc(c(c4cc3Cn1c2=O)COC(C)(C)C)O,SUCCESS
CC[C@@]1(OC(=O)C)C(=O)OCc2c1cc1c3nc4ccc(c(c4cc3Cn1c2=O)COC(=O)C)OC(=O)C,SUCCESS
CC[C@@]1(O)C(=O)OCc2c1cc1c3nc4ccccc4c(c3Cn1c2=O)CNc1ccc(cc1)F,SUCCESS
OCCCC1c2cc3ccccc3nc2c2n1c(=O)c1c(c2)[C@@](O)(CC)C(=O)OC1,SUCCESS
COCn1cc(cc1C(=O)NCCCN(C)C)0C(=O)COc1ccc2c(c1)cc1c(n2)c2n(C1)c(=O)c1c(c2)C(O)(CC)C(=O)OC1,SUCCESS
CC[C@@]1(O)C(=O)OCc2c1cc1c3nc4ccccc4c(c3Cn1c2=O)c1ccncc1,SUCCESS
CC[C@@]1(O)C(=O)OCc2c1cc1c3nc4ccc(cc4c(c3Cn1c2=O)CC)OCCCn1cnc2c1ncnc2,SUCCESS
CCCC(=O)Nc1cc(n(c1)COC)C(=O)Nc1cc(n(c1)COC)C(=O)NCCOc1ccc2c(c1)cc1c(n2)c2n(C1)c(=O)c1c(c2)C(O)(CC)C(=O)OC1,SUCCESS
CCOCC(O[C@@H]1OCc2c([C@@]1(O)CC)cc1n(c2=O)Cc2c1nc1ccccc1c2)C,SUCCESS
CC[C@@]1(O)[C@H](OCC(C(F)(F)F)(F)F)OCc2c1cc1c3nc4ccccc4cc3Cn1c2=O,SUCCESS
CCC(O[C@@H]1OCc2c([C@@]1(O)CC)cc1n(c2=O)Cc2c1nc1ccccc1c2)C,SUCCESS
CCOCCO[C@@H]1OCc2c([C@@]1(O)CC)cc1n(c2=O)Cc2c1nc1ccc(cc1c2)OC,SUCCESS
CC[C@@]1(O)C(=O)OCc2c1cc1c3nc4ccc(c(c4cc3Cn1c2=O)COC(=O)C)OC(=O)C,SUCCESS
CC[C@@]1(O)C(=O)OCc2c1cc1c3nc4ccc(cc4cc3Cn1c2=O)c1cccs1,SUCCESS
CCC1(O)C(=O)OCc2c1cc1c3nc4cc5OCOc5cc4cc3Cn1c2=O,SUCCESS
CCC1(O)C(=O)OCc2c1cc1c3nc4ccc(cc4cc3Cn1c2=O)OCCNC(=O)S(=O)(=O)c1cccs1,SUCCESS
CC[C@@]1(O)C(=O)OCc2c1cc1c3nc4ccccc4c(c3Cn1c2=O)CNc1cccc2c1cccc2,SUCCESS
C=CCc1c(ccc2c1cc1Cn3c(c1n2)cc1c(c3=O)COC(=O)[C@]1(O)CC)OC(=O)N1CCC(CC1)N1CCCCC1.Cl,ERROR
CCC(=O)O[C@]1(CC)C(=O)OCc2c1cc1c3nc4ccccc4cc3Cn1c2=O,SUCCESS
CCCC(=O)Nc1nc(n(c1)COC)C(=O)Nc1nc(n(c1)COC)C(=O)NCCOc1ccc2c(c1)cc1c(n2)c2n(C1)c(=O)c1c(c2)C(O)(CC)C(=O)OC1,SUCCESS
CC[C@@]1(O)C(=O)OCc2c1cc1c3nc4ccccc4c(c3Cn1c2=O)CNC1CCCCC1,SUCCESS
COCc1c(O)ccc2c1cc1Cn3c(c1n2)cc1c(c3=O)COC(=O)[C@]1(O)CC,SUCCESS
CC[C@@]1(O)C(=O)OCc2c1cc1c3nc4cccc(c4cc3Cn1c2=O)N,SUCCESS
CC[C@@]1(O)C(=O)OCc2c1cc1c3nc4ccccc4c(c3Cn1c2=O)/C=N/OC(C)(C)C,SUCCESS
CC[C@@]1(O)C(=O)OCc2c1cc1c3nc4ccccc4cc3Cn1c2=O,SUCCESS
CC[C@@]1(O)C(=O)OCc2c1cc1c3nc4ccccc4c(c3Cn1c2=O)C(=O)C,SUCCESS
CCCCOC1CCc2c(O1)ccc1c2cc2Cn3c(c2n1)cc1c(c3=O)COC(=O)[C@]1(O)CC,SUCCESS
CC[C@](c1cc2c3nc4ccccc4cc3Cn2c(=O)c1CO)(C(=O)[O-])O.[Na+],SUCCESS
CC[C@@]1(O)C(=O)OCc2c1cc1c3nc4cc(F)c(c5c4c(c3Cn1c2=O)[C@@H](N)CC5)C,SUCCESS
COCn1cc(cc1C(=O)NCCOc1ccc2c(c1)cc1c(n2)c2n(C1)c(=O)c1c(c2)C(O)(CC)C(=O)OC1)NC(=O)c1cc(cn1COC)NC(=O)CCCN(C)C,SUCCESS
CC[C@](c1cc2c3nc4ccc(cc4c(c3Cn2c(=O)c1CO)CC)OC(=O)N1CCC(CC1)N1CCCCC1)(C(=O)O)O,SUCCESS
CC[C@@]1(OC(=O)[C@@H](NC(=O)COCCOCC(=O)N[C@H](C(=O)O[C@]2(CC)C(=O)OCc3c2cc2c4nc5ccccc5cc4Cn2c3=O)C)C)C(=O)OCc2c1cc1c3nc4ccccc4cc3Cn1c2=O,SUCCESS
CC[C@@](c1cc2c3nc4ccccc4cc3Cn2c(=O)c1CO)(C(=O)[O-])O.[Na+],SUCCESS
CC[C@@]1(O)C(=O)OCc2c1cc1c3nc4ccccc4c(c3Cn1c2=O)c1ccnn1C,SUCCESS
CCOCc1c(O)ccc2c1cc1Cn3c(c1n2)cc1c(c3=O)COC(=O)[C@]1(O)CC,SUCCESS
CCCC(=O)Nc1ccc(n1COC)C(=O)Nc1cc(n(c1)COC)C(=O)Nc1cc(n(c1)COC)C(=O)NCCOc1ccc2c(c1)cc1c(n2)c2n(C1)c(=O)c1c(c2)C(O)(CC)C(=O)OC1,SUCCESS
CC[C@@]1(O)C(=O)OCc2c1cc1c3nc4ccc(c(c4cc3Cn1c2=O)CN1C(=O)C2=C(C1=O)CCCC2)OC,SUCCESS
CC[C@@]1(O)C(=O)OCc2c1cc1c3nc4ccc(cc4cc3Cn1c2=O)c1ccncc1,SUCCESS
CC[C@@]1(O)C(=O)OCc2c1cc1c3nc4ccc(cc4cc3Cn1c2=O)c1ccncc1.Cl,SUCCESS
COCC(O[C@@H]1OCc2c([C@@]1(O)CC)cc1n(c2=O)Cc2c1nc1ccccc1c2)C,SUCCESS
CCOCCO[C@@H]1OCc2c([C@@]1(O)CC)cc1n(c2=O)Cc2c1nc1cccc(c1c2)[N+](=O)[O-],SUCCESS
CC[C@@]1(O)C(=O)OCc2c1cc1c3nc4ccccc4c(c3Cn1c2=O)c1cnn(c1)C1CCCCO1,SUCCESS
CC[C@@]1(O)C(=O)OCc2c1cc1n(c2=O)[C@H](c2c1nc1ccccc1c2)N(C(=O)OCc1ccccc1)NC(=O)OCc1ccccc1,SUCCESS
CC[C@@]1(O)C(=O)OCc2c1cc1c3nc4ccccc4cc3[C@@H](n1c2=O)N(C(=O)OC(C)(C)C)NC(=O)OC(C)(C)C,SUCCESS
CC[C@@]1(O)C(=O)OCc2c1cc1c3nc4ccc(c(c4cc3Cn1c2=O)COC(C)C)O,SUCCESS
CC[C@@]1(O)C(=O)OCc2c1cc1c3nc4ccccc4c(c3Cn1c2=O)CNc1cccc(c1)Cl,SUCCESS
CC[C@@]1(O)C(=O)OCc2c1cc1c3nc4ccccc4c(c3Cn1c2=O)CN1CCN(CC1)S(=O)(=O)N(C)C,SUCCESS
CC[C@@]1(O)C(=O)OCc2c1cc1c3nc4ccc(c(c4cc3Cn1c2=O)CN1CCCC1=O)O,SUCCESS
CCOC1CCc2c(O1)ccc1c2cc2Cn3c(c2n1)cc1c(c3=O)COC(=O)[C@]1(O)CC,SUCCESS
CC[C@@]1(OC(=O)CNC(=O)C2=CC(N(C2(C)C)O)(C)C)C(=O)OCc2c1cc1c3nc4ccccc4cc3Cn1c2=O,SUCCESS
CC[C@@]1(O)C(=O)OCc2c1cc1c3nc4ccccc4c(c3Cn1c2=O)c1cccnc1,SUCCESS
CC[C@@]1(O)[C@H](OCC(F)(F)F)OCc2c1cc1c3nc4ccccc4cc3Cn1c2=O,SUCCESS
CC[C@@]1(O)[C@@H](OCc2c1cc1c3nc4ccccc4cc3Cn1c2=O)OC(=O)CCC(=O)O,SUCCESS
CCc1c2cc(ccc2nc2c1Cn1c2cc2c(c1=O)COC(=O)[C@]2(O)CC)OC(=O)CCCC[C@@H]1SC[C@H]2[C@@H]1NC(=O)N2,SUCCESS
CC[C@@]1(OCc2nnn(c2)CCOCCOCCNC(=O)CCCC[C@@H]2SC[C@H]3[C@@H]2NC(=O)N3)C(=O)OCc2c1cc1c3nc4ccccc4cc3Cn1c2=O,SUCCESS
CC[C@@]1(O)C(=O)OCc2c1cc1c3nc4ccc5c(c4cc3Cn1c2=O)CCC(O5)O,SUCCESS
COCn1cc(cc1C(=O)Nc1cn(c(c1)C(=O)Nc1cn(c(c1)C(=O)NCCCN(C)C)COC)COC)0C(=O)COc1ccc2c(c1)cc1c(n2)c2n(C1)c(=O)c1c(c2)C(O)(CC)C(=O)OC1,SUCCESS
CC[C@@]1(O)C(=O)OCc2c1cc1c3nc4ccccc4c(c3Cn1c2=O)CN=C(N)N.Cl,SUCCESS
CC[C@@]1(O)C(=O)OCc2c1cc1c3nc4ccc5c(c4cc3Cn1c2=O)C[C@H]1[C@H](O5)OCC1,SUCCESS
CC[C@@]1(O)C(=O)OCc2c1cc1c3nc4ccc(cc4cc3Cn1c2=O)O,SUCCESS
CCN(C(=O)OCc1ccccc1)CCc1c2Cn3c(c2nc2c1cc1OCOc1c2)cc1c(c3=O)COC(=O)C1(O)CC,SUCCESS
COCn1cc(cc1C(=O)NCCOc1ccc2c(c1)cc1c(n2)c2n(C1)c(=O)c1c(c2)C(O)(CC)C(=O)OC1)NC(=O)c1cc(cn1COC)NC(=O)c1ccc(n1COC)NC(=O)CCCN(C)C,SUCCESS
CS(=O)(=O)O.CC[C@@]1(O)C(=O)OCc2c1cc1c3nc4cc(F)c(c5c4c(c3Cn1c2=O)[C@@H](N)CC5)C.O.O,SUCCESS
O/N=C(\C(=O)NCCSSCCNC(=O)CCCCCO/N=C/c1c2Cn3c(c2nc2c1cc(O)cc2)cc1c(c3=O)COC(=O)[C@]1(O)CC)/Cc1ccc(c(c1)Br)O,SUCCESS
CC[C@@]1(O)C(=O)OCc2c1cc1c3nc4ccccc4c(c3Cn1c2=O)CCNC(C)C,SUCCESS
CC[C@@]1(O)C(=O)OCc2c1cc1c3nc4ccc(cc4c(c3Cn1c2=O)CC)B1OC(C(O1)(C)C)(C)C,SUCCESS
CC[C@@]1(OC(=O)[C@@H](NC(=O)C2=CC(N(C2(C)C)O)(C)C)CC(C)C)C(=O)OCc2c1cc1c3nc4ccccc4cc3Cn1c2=O,SUCCESS
CC[C@@]1(O)C(=O)OCc2c1cc1c3nc4ccccc4c(c3Cn1c2=O)CN1CCN(CC1)S(=O)(=O)c1cccnc1,SUCCESS
CC[C@@]1(OC(=O)[C@@H](NC(=O)C2=CC(N(C2(C)C)O)(C)C)C)C(=O)OCc2c1cc1c3nc4ccccc4cc3Cn1c2=O,SUCCESS
CC[C@@]1(O)C(=O)OCc2c1cc1c3nc4ccc(c(c4cc3Cn1c2=O)CN1C(=O)C2=C(C1=O)CCCC2)O,SUCCESS
CC[C@@]1(O)C(=O)OCc2c1cc1c3nc4ccc5c(c4cc3Cn1c2=O)C[C@H]1[C@H](O5)OCCC1,SUCCESS
CC[C@@]1(O)C(=O)OCc2c1cc1c3nc4ccccc4c(c3Cn1c2=O)CN1CCCC1,SUCCESS
CC[C@@]1(O)C(=O)OCc2c1cc1c3nc4ccccc4c(c3Cn1c2=O)CN1CCN(CC1)C,SUCCESS
CC[C@@]1(O)C(=O)OCc2c1cc1c3nc4ccc(cc4c(c3Cn1c2=O)[Si](C)(C)C)CCc1ccc2c(c1)c(c1c(n2)c2n(C1)c(=O)c1c(c2)[C@@](O)(CC)C(=O)OC1)[Si](C)(C)C,SUCCESS
CC[C@@]1(O)C(=O)OCc2c1cc1c3nc4ccccc4c(c3Cn1c2=O)CN1CCN(CC1)S(=O)(=O)c1ccc(cc1)C(C)C,SUCCESS
O/N=C(\C(=O)NCCSSCCNC(=O)CCCCCO/N=C/c1c2Cn3c(c2nc2c1cccc2)cc1c(c3=O)COC(=O)[C@]1(O)CC)/Cc1ccc(cc1)O,SUCCESS
CC[C@@]1(OC(=O)CNC(=S)NC(=O)c2cccc(c2)F)C(=O)OCc2c1cc1c3nc4ccccc4cc3Cn1c2=O,SUCCESS
CC[C@@]1(O)C(=O)OCc2c1cc1c3nc4ccc(cc4cc3Cn1c2=O)OC(=O)CCCC[C@@H]1SC[C@H]2[C@@H]1NC(=O)N2,SUCCESS
CC[C@@]1(O)C(=O)OCc2c1cc1c3nc4cccc(c4cc3Cn1c2=O)[N+](=O)[O-],SUCCESS
CC[C@@]1(OC(=O)CNC(=S)NC(=O)Cc2ccccc2)C(=O)OCc2c1cc1c3nc4ccccc4cc3Cn1c2=O,SUCCESS
CC[C@@]1(OC(=O)CNC(=S)NC(=O)c2ccc(cc2)I)C(=O)OCc2c1cc1c3nc4ccccc4cc3Cn1c2=O,SUCCESS
CC[C@@]1(OC(=O)[C@H](Cc2ccccc2)NC(=S)NC(=O)c2ccc(cc2)OC)C(=O)OCc2c1cc1c3nc4ccccc4cc3Cn1c2=O,SUCCESS
CCOCCO[C@@H]1OCc2c([C@@]1(O)CC)cc1n(c2=O)Cc2c1nc1ccccc1c2,SUCCESS
COCCO[C@@H]1OCc2c([C@@]1(O)CC)cc1n(c2=O)Cc2c1nc1ccccc1c2,SUCCESS
CC[C@@]1(OC(=O)CNC(=S)NC(=O)c2cccc(c2)Cl)C(=O)OCc2c1cc1c3nc4ccccc4cc3Cn1c2=O,SUCCESS
CC[C@@]1(O)C(=O)OCc2c1cc1c3nc4ccc(cc4c(c3Cn1c2=O)CC)OCC(=O)N1CCCCC1,SUCCESS
CCc1c2cc(ccc2nc2c1Cn1c2cc2c(c1=O)COC(=O)[C@]2(O)CC)OC(=O)CCCCCNC(=O)CCCC[C@@H]1SC[C@H]2[C@@H]1NC(=O)N2,SUCCESS
CC[C@@]1(OC(=O)CNC(=S)NC(=O)c2ccc(cc2)F)C(=O)OCc2c1cc1c3nc4ccccc4cc3Cn1c2=O,SUCCESS
CC[C@@]1(OC(=O)[C@H](Cc2c[nH]c3c2cccc3)NC(=S)NC(=O)c2ccc(cc2)OC)C(=O)OCc2c1cc1c3nc4ccccc4cc3Cn1c2=O,SUCCESS
CC[C@@]1(OC(=O)[C@@H](NC(=S)NC(=O)c2ccc(cc2)F)CC(C)C)C(=O)OCc2c1cc1c3nc4ccccc4cc3Cn1c2=O,SUCCESS
CC[C@@]1(OC(=O)CNC(=S)NC(=O)c2ccc(cc2)OC)C(=O)OCc2c1cc1c3nc4ccccc4cc3Cn1c2=O,SUCCESS
CC[C@@]1(O)C(=O)OCc2c1cc1c3nc4ccccc4c(c3Cn1c2=O)c1ccc2c(c1)[nH]cc2,SUCCESS
CC[C@@]1(OC(=O)CNC(=S)NC(=O)C2CCCC2)C(=O)OCc2c1cc1c3nc4ccccc4cc3Cn1c2=O,SUCCESS
CC[C@@]1(O)C(=O)OCc2c1cc1c3nc4ccc(cc4cc3Cn1c2=O)OCC(=O)NCCN(C)C,SUCCESS
CC[C@@]1(OC(=O)[C@H](C(C)C)NC(=S)NC(=O)c2ccc(cc2)F)C(=O)OCc2c1cc1c3nc4ccccc4cc3Cn1c2=O,SUCCESS
CCN(CCNC(=O)COc1ccc2c(c1)cc1c(n2)c2n(C1)c(=O)c1c(c2)[C@@](O)(CC)C(=O)OC1)CC,SUCCESS
CC[C@@]1(OC(=O)CCCNC(=S)NC(=O)c2ccc(cc2)F)C(=O)OCc2c1cc1c3nc4ccccc4cc3Cn1c2=O,SUCCESS
CC[C@@]1(OC(=O)[C@@H](NC(=S)NC(=O)c2ccc(cc2)OC)CC(C)C)C(=O)OCc2c1cc1c3nc4ccccc4cc3Cn1c2=O,SUCCESS
CC[C@@]1(OC(=O)CNC(=S)NC(=O)c2cccs2)C(=O)OCc2c1cc1c3nc4ccccc4cc3Cn1c2=O,SUCCESS
CC[C@@]1(O)C(=O)OCc2c1cc1c3nc4cc5OCOc5cc4cc3Cn1c2=O,SUCCESS
CC[C@@]1(O)C(=O)OCc2c1cc1c3nc4ccccc4c(c3Cn1c2=O)c1ccc2c(c1)[nH]nc2,SUCCESS
CCc1ccc(cc1)S(=O)(=O)N1CCN(CC1)Cc1c2ccccc2nc2c1Cn1c2cc2c(c1=O)COC(=O)[C@]2(O)CC,SUCCESS
CC[C@@]1(O)C(=O)OCc2c1cc1c3nc4ccccc4c(c3Cn1c2=O)CN(C(C)C)C(C)C,SUCCESS
CC[C@@]1(O)C(=O)OCc2c1cc1c3nc4ccccc4c(c3Cn1c2=O)CNc1ccccc1OC,SUCCESS
CC[C@@]1(OC(=O)CNC(=S)NC(=O)c2ccc(cc2)C)C(=O)OCc2c1cc1c3nc4ccccc4cc3Cn1c2=O,SUCCESS
Cc1ccc(cc1)S(=O)(=O)O.CCC1(O)C(=O)OCc2c1cc1c3nc4cc(/C=N\N=C(N)N)ccc4cc3Cn1c2=O,SUCCESS
CC[C@@]1(OC(=O)[C@H](Cc2c[nH]c3c2cccc3)NC(=S)NC(=O)c2cccs2)C(=O)OCc2c1cc1c3nc4ccccc4cc3Cn1c2=O,SUCCESS
CC[C@@]1(OCc2nnn(c2)CCOCCOCCOCCOCCOCCNC(=O)CCCC[C@@H]2SC[C@H]3[C@@H]2NC(=O)N3)C(=O)OCc2c1cc1c3nc4ccccc4cc3Cn1c2=O,SUCCESS
CC[C@@]1(OC(=O)CNC(=S)NC(=O)c2ccccc2F)C(=O)OCc2c1cc1c3nc4ccccc4cc3Cn1c2=O,SUCCESS
CC[C@@]1(O)C(=O)OCc2c1cc1c3nc4ccccc4c(c3Cn1c2=O)CN1CCCCC1,SUCCESS
CC[C@@]1(O)C(=O)OCc2c1cc1c3nc4ccccc4c(c3Cn1c2=O)CNCc1ccccc1,SUCCESS
CC[C@@]1(OC(=O)CCCC[C@@H]2SC[C@H]3[C@@H]2NC(=O)N3)C(=O)OCc2c1cc1c3nc4ccccc4cc3Cn1c2=O,SUCCESS
CC[C@@]1(O)C(=O)OCc2c1cc1c3nc4ccccc4c(c3Cn1c2=O)CNc1ccccc1Cl,SUCCESS
CCN(C(=O)COc1ccc2c(c1)cc1c(n2)c2n(C1)c(=O)c1c(c2)[C@@](O)(CC)C(=O)OC1)CC,SUCCESS
CC[C@@H]([C@@H](C(=O)O[C@]1(CC)C(=O)OCc2c1cc1c3nc4ccccc4cc3Cn1c2=O)NC(=S)NC(=O)c1cccnc1)C,SUCCESS
CC[C@@]1(OC(=O)CCCNC(=S)NC(=O)c2ccc3c(c2)cccc3)C(=O)OCc2c1cc1c3nc4ccccc4cc3Cn1c2=O,SUCCESS
CC[C@@]1(OC(=O)CNC(=S)NC(=O)C)C(=O)OCc2c1cc1c3nc4ccccc4cc3Cn1c2=O,SUCCESS
CC[C@@]1(OC(=O)CNC(=S)NC(=O)c2cccc(c2)Br)C(=O)OCc2c1cc1c3nc4ccccc4cc3Cn1c2=O,SUCCESS
CC[C@@]1(O)C(=O)OCc2c1cc1c3nc4ccc(cc4cc3Cn1c2=O)OCC(=O)N1CCCC1,SUCCESS
CC[C@@]1(OC(=O)CNC(=S)NC(=O)c2ccc(cc2)Cl)C(=O)OCc2c1cc1c3nc4ccccc4cc3Cn1c2=O,SUCCESS
CC[C@@]1(OC(=O)CCNC(=S)NC(=O)c2cccs2)C(=O)OCc2c1cc1c3nc4ccccc4cc3Cn1c2=O,SUCCESS
CC[C@@]1(OC(=O)[C@@H](NC(=S)NC(=O)c2ccccc2F)CC(C)C)C(=O)OCc2c1cc1c3nc4ccccc4cc3Cn1c2=O,SUCCESS
CC[C@@]1(O)C(=O)OCc2c1cc1c3nc4ccccc4c(c3Cn1c2=O)CN1CCN(CC1)S(=O)(=O)c1ccc(cc1)F,SUCCESS
CC[C@@]1(O)C(=O)OCc2c1cc1c3nc4ccc(cc4cc3Cn1c2=O)OCC(=O)N1CCC(CC1)N(C)C,SUCCESS
CC[C@@]1(OC(=O)[C@@H](NC(=S)NC(=O)c2ccc3c(c2)cccc3)C)C(=O)OCc2c1cc1c3nc4ccccc4cc3Cn1c2=O,SUCCESS
CC[C@@H]([C@@H](C(=O)O[C@]1(CC)C(=O)OCc2c1cc1c3nc4ccccc4cc3Cn1c2=O)NC(=S)NC(=O)c1ccc(cc1)F)C,SUCCESS
CC[C@@]1(OC(=O)[C@H](Cc2ccccc2)NC(=S)NC(=O)c2ccc(cc2)F)C(=O)OCc2c1cc1c3nc4ccccc4cc3Cn1c2=O,SUCCESS
CC[C@@]1(OC(=O)CNC(=S)NC(=O)c2ccc3c(c2)cccc3)C(=O)OCc2c1cc1c3nc4ccccc4cc3Cn1c2=O,SUCCESS
CC[C@@]1(OC(=O)[C@H](Cc2ccccc2)NC(=S)NC(=O)c2ccc(cc2)I)C(=O)OCc2c1cc1c3nc4ccccc4cc3Cn1c2=O,SUCCESS
CC[C@@]1(OC(=O)CCCCNC(=S)NC(=O)c2ccc(cc2)F)C(=O)OCc2c1cc1c3nc4ccccc4cc3Cn1c2=O,SUCCESS
CC[C@@]1(OC(=O)[C@H](C(C)C)NC(=S)NC(=O)c2cccs2)C(=O)OCc2c1cc1c3nc4ccccc4cc3Cn1c2=O,SUCCESS
CC[C@@]1(OC(=O)CCNC(=S)NC(=O)Cc2ccccc2)C(=O)OCc2c1cc1c3nc4ccccc4cc3Cn1c2=O,SUCCESS
CC[C@@]1(OC(=O)CNC(=S)NC(=O)c2cccnc2)C(=O)OCc2c1cc1c3nc4ccccc4cc3Cn1c2=O,SUCCESS
CC[C@@]1(OC(=O)[C@H](Cc2c[nH]c3c2cccc3)NC(=S)NC(=O)c2ccc(cc2)F)C(=O)OCc2c1cc1c3nc4ccccc4cc3Cn1c2=O,SUCCESS
CC[C@@]1(OC(=O)CNC(=S)NC(=O)C2CCCCC2)C(=O)OCc2c1cc1c3nc4ccccc4cc3Cn1c2=O,SUCCESS
CC[C@@]1(OC(=O)CCNC(=S)NC(=O)c2ccc(cc2)F)C(=O)OCc2c1cc1c3nc4ccccc4cc3Cn1c2=O,SUCCESS
CC[C@@]1(OC(=O)[C@@H](NC(=S)NC(=O)c2ccc(cc2)F)C)C(=O)OCc2c1cc1c3nc4ccccc4cc3Cn1c2=O,SUCCESS
CSCC[C@@H](C(=O)O[C@]1(CC)C(=O)OCc2c1cc1c3nc4ccccc4cc3Cn1c2=O)NC(=S)NC(=O)c1cccnc1,SUCCESS
CC[C@@]1(OC(=O)CCNC(=S)NC(=O)c2ccc(cc2)Cl)C(=O)OCc2c1cc1c3nc4ccccc4cc3Cn1c2=O,SUCCESS
CC[C@@]1(OC(=O)[C@@H](NC(=S)NC(=O)c2ccc(cc2)C)C)C(=O)OCc2c1cc1c3nc4ccccc4cc3Cn1c2=O,SUCCESS
CC[C@@]1(OC(=O)[C@@H](NC(=S)NC(=O)c2cccc(c2)F)CC(C)C)C(=O)OCc2c1cc1c3nc4ccccc4cc3Cn1c2=O,SUCCESS
CC[C@@]1(O)C(=O)OCc2c1cc1c3nc4ccc(cc4cc3Cn1c2=O)OCC(=O)N(CCN(C)C)C,SUCCESS
CC[C@@]1(O)C(=O)OCc2c1cc1c3nc4ccc(cc4cc3Cn1c2=O)OCC(=O)N1CCN(CC1)C,SUCCESS
CC[C@@]1(OC(=O)CNC(=S)NC(=O)c2ccco2)C(=O)OCc2c1cc1c3nc4ccccc4cc3Cn1c2=O,SUCCESS
CSCC[C@@H](C(=O)O[C@]1(CC)C(=O)OCc2c1cc1c3nc4ccccc4cc3Cn1c2=O)NC(=S)NC(=O)c1ccc(cc1)F,SUCCESS
CC[C@@]1(OCc2nnn(c2)CCOCCOCCNC(=O)CCCC[C@@H]2SC[C@H]3[C@@H]2NC(=O)N3)C(=O)OCc2c1cc1c3nc4ccccc4c(c3Cn1c2=O)CC,SUCCESS
CC[C@@]1(O)C(=O)OCc2c1cc1c3nc4ccc(cc4cc3Cn1c2=O)OCC(=O)N1CCCCC1,SUCCESS
CSCC[C@@H](C(=O)O[C@]1(CC)C(=O)OCc2c1cc1c3nc4ccccc4cc3Cn1c2=O)NC(=S)NC(=O)c1cccs1,SUCCESS
CC[C@@]1(O)C(=O)OCc2c1cc1c3nc4ccc(cc4c(c3Cn1c2=O)CC)OCC(=O)N1CCCC1,SUCCESS
CSCC[C@@H](C(=O)O[C@]1(CC)C(=O)OCc2c1cc1c3nc4ccccc4cc3Cn1c2=O)NC(=S)NC(=O)c1ccc(cc1)OC,SUCCESS
CC[C@@]1(OC(=O)CCCCNC(=S)NC(=O)c2cccc(c2)Cl)C(=O)OCc2c1cc1c3nc4ccccc4cc3Cn1c2=O,SUCCESS
Nc1ccc(cc1)S(=O)(=O)Nc1ncccn1,SUCCESS
NCc1ccc(cc1)S(=O)(=O)N,SUCCESS
Nc1ccc(cc1)S(=O)(=O)Nc1nnc(s1)C,SUCCESS
Nc1ccc(cc1)S(=O)(=O)Nc1nccs1,SUCCESS
Nc1ccc(cc1)S(=O)(=O)Nc1nccc(n1)C,SUCCESS
Nc1ccc(cc1)S(=O)(=O)N,SUCCESS
O=C(O[C@H]1C[C@@]2(O)[C@@H](OC(=O)c3ccccc3)[C@H]3[C@@](C(=O)[C@@H](C(=C1C)C2(C)C)OC(=O)OCC(Cl)(Cl)Cl)(C)[C@@H](OC(=O)OCC(Cl)(Cl)Cl)C[C@@H]1[C@]3(CO1)OC(=O)C)/C=C/c1ccc(cc1)C(=O)c1ccccc1,SUCCESS
O=C(OC(C)(C)C)N[C@H]([C@H](C(=O)O[C@H]1C[C@@]2(O)[C@@H](OC(=O)c3ccccc3)[C@@H]3[C@@]4(CO[C@@H]4CC[C@]3([C@H]3[C@@H](C(=C1C)C2(C)C)O[C@H](O3)CN1CCOCC1)C)OC(=O)C)O)c1ccccn1,SUCCESS
O=C(O[C@H]1C[C@@]2(O)[C@@H](OC(=O)c3ccccc3)[C@@H]3[C@@]4(CO[C@@H]4C[C@@H]([C@]3(C(=O)[C@@H](C(=C1C)C2(C)C)O)C)O)OC(=O)C)CCc1ccc2c(c1)cccc2,SUCCESS
CC(=O)O[C@H]1C(=O)[C@]2(C)C(O)C[C@@H]3[C@](C2[C@@H]([C@]2(C(C1=C(C)[C@@H](OC(=O)[C@@H]([C@H](c1ccccc1)NC(=O)c1ccccc1)O)C2)(C)C)O)Oc1ccccc1)(CO3)OC(=O)C,SUCCESS
CSSCCC(=O)OC1C[C@H]2OC[C@]2(C2[C@]1(C)C(=O)[C@H](O)C1=C(C)[C@H](C[C@@]([C@H]2OC(=O)c2cc(OC)ccc2OC)(C1(C)C)O)OC(=O)[C@@H]([C@H](C=C(C)C)NC(=O)OC(C)(C)C)O)OC(=O)C,SUCCESS
CSSCCOCCOCCOCCOCCC(=O)OC1C[C@H]2OC[C@]2(C2[C@]1(C)C(=O)[C@H](O)C1=C(C)[C@H](C[C@@]([C@H]2OC(=O)c2cc(OC)ccc2OC)(C1(C)C)O)OC(=O)[C@@H]([C@@H](NC(=O)OC(C)(C)C)C=C(C)C)O)OC(=O)C,SUCCESS
O=C(OC(C)(C)C)N[C@H]([C@H](C(=O)O[C@H]1C[C@@]2(O)[C@@H](OCc3ccccc3)[C@@H]3[C@@]4(CO[C@@H]4C[C@@H]([C@]3([C@H]3[C@@H](C(=C1C)C2(C)C)OC(O3)CN1CCOCC1)C)O)OC(=O)C)O)c1ccccn1,SUCCESS
O=C(OC(C)(C)C)N[C@H]([C@H](C(=O)O[C@H]1C[C@@]2(O)[C@@H](OCc3ccccc3)[C@@H]3[C@@]4(CO[C@@H]4CC[C@]3([C@H]3[C@@H](C(=C1C)C2(C)C)O[C@H](O3)CNC1CCC1)C)OC(=O)C)O)c1ccccn1,SUCCESS
CC(OC(=O)N[C@H]([C@H](C(=O)O[C@H]1C[C@@]2(O)[C@@H](OC(=O)c3ccccc3)[C@@H]3[C@@]4(CO[C@@H]4C[C@@H]([C@]3(C(=O)[C@@H](C(=C1C)C2(C)C)OC(=O)C1CCCC1)C)O)OC(=O)C)O)c1cccs1)C,SUCCESS
CC(=O)O[C@@]12CO[C@@H]1CC[C@@]1([C@@H]2[C@H](OCc2ccccc2)[C@]2(O)C[C@H](OC(=O)[C@@H]([C@H](c3ccccn3)NC(=O)OC(C)(C)C)O)C(=C(C2(C)C)[C@@H]2[C@H]1O[C@@H](O2)CNC1CC1)C)C,SUCCESS
OCC(COC(=O)O[C@H]1C[C@H]2OC[C@]2([C@@H]2[C@]1(C)C(=O)[C@H](OC(=O)C)C1=C(C)[C@H](C[C@@]([C@H]2OC(=O)c2ccccc2)(C1(C)C)O)OC(=O)[C@@H]([C@H](c1ccccc1)NC(=O)c1ccccc1)O)OC(=O)C)O,SUCCESS
CC(=O)O[C@H]1C(=O)[C@]2(C)[C@@H](O)C[C@@H]3[C@]([C@H]2[C@@H]([C@]2(C(C1=C(C)[C@@H](OC(=O)[C@@H]([C@H](c1ccccc1)NC(=O)c1ccccc1)O)C2)(C)C)O)OCc1ccccc1)(CO3)OC(=O)C,SUCCESS
CC(=O)O[C@H]1[C@@H]2CO[C@@H]2[C@H]2[C@@]3([C@@H]1[C@H](OC(=O)c1ccccc1)[C@]1(O)C[C@H](OC(=O)[C@@H]([C@H](c4ccccc4)NC(=O)c4ccccc4)O)C(=C(C1(C)C)[C@H](C3=O)OC(=O)OCCOCO2)C)C,SUCCESS
CSSCCOCCOCCOCCOCCC(=O)O[C@H]1C(=O)[C@]2(C)C(O)C[C@@H]3[C@](C2[C@@H]([C@]2(C(C1=C(C)[C@@H](OC(=O)[C@@H]([C@@H](NC(=O)OC(C)(C)C)C=C(C)C)O)C2)(C)C)O)OC(=O)c1cc(OC)ccc1OC)(CO3)OC(=O)C,SUCCESS
CC(=O)O[C@H]1[C@@H]2CO[C@@H]2[C@H]2[C@@]3([C@@H]1[C@H](OC(=O)c1ccccc1)[C@]1(O)C[C@H](OC(=O)[C@@H]([C@H](c4ccccc4)NC(=O)c4ccccc4)O)C(=C(C1(C)C)[C@H](C3=O)OCOCC(COCO2)(C)C)C)C,SUCCESS
O=C(OC(C)(C)C)N[C@H]([C@H](C(=O)O[C@H]1C[C@@]2(O)[C@@H](Oc3ccccc3)C3[C@@]4(CO[C@@H]4CC([C@]3(C(=O)[C@@H](C(=C1C)C2(C)C)O)C)O)OC(=O)C)O)c1ccccc1,SUCCESS
O=C(O[C@H]1C[C@@]2(O)[C@@H](OC(=O)c3ccccc3)[C@H]3[C@@](C(=O)[C@@H](C(=C1C)C2(C)C)OC(=O)OCC(Cl)(Cl)Cl)(C)[C@@H](OC(=O)OCC(Cl)(Cl)Cl)C[C@@H]1[C@]3(CO1)OC(=O)C)CCc1ccc2c(c1)cccc2,SUCCESS
CSSCCC(=O)O[C@H]1C(=O)[C@]2(C)C(O)C[C@@H]3[C@](C2[C@@H]([C@]2(C(C1=C(C)[C@@H](OC(=O)[C@@H]([C@@H](NC(=O)OC(C)(C)C)C=C(C)C)O)C2)(C)C)O)OC(=O)c1ccccc1)(CO3)OC(=O)C,SUCCESS
CC(=O)O[C@H]1[C@@H]2CO[C@@H]2[C@H]2[C@@]3([C@@H]1[C@H](OC(=O)c1ccccc1)[C@]1(O)C[C@H](OC(=O)[C@@H]([C@H](c4ccccc4)NC(=O)OC(C)(C)C)O)C(=C(C1(C)C)[C@H](C3=O)OCOCCOCO2)C)C,SUCCESS
O=C(OC(C)(C)C)N[C@H]([C@H](C(=O)O[C@H]1C[C@@]2(O)[C@@H](OCc3ccccc3)[C@H]3[C@@]([C@H]4[C@@H](C(=C1C)C2(C)C)O[C@H](O4)CN1CCOCC1)(C)CC[C@@H]1[C@]3(CO1)OC(=O)C)O)c1nccs1,SUCCESS
CC(=O)O[C@H]1C(=O)[C@]2(C)[C@@H](O)C[C@@H]3[C@]([C@H]2[C@@H]([C@]2(C(C1=C(C)[C@@H](OC(=O)[C@@H]([C@H](c1ccccc1)NC(=O)c1ccccc1)O)C2)(C)C)O)OC(=O)c1ccccc1)(CO3)OC(=O)C,SUCCESS
CC(=O)O[C@@]12CO[C@@H]1CC[C@@]1([C@@H]2[C@H](OCc2ccccc2)[C@]2(O)C[C@H](OC(=O)[C@@H]([C@H](c3nccs3)NC(=O)OC(C)(C)C)O)C(=C(C2(C)C)[C@@H]2[C@H]1O[C@@H](O2)CNC1CC1)C)C,SUCCESS
CC(=O)O[C@@]12CO[C@@H]1CC[C@@]1([C@@H]2[C@H](OC(=O)c2ccccc2)[C@]2(O)C[C@H](OC(=O)[C@@]([C@H](c3ccccn3)NC(=O)c3ccccc3)(O)C)C(=C(C2(C)C)[C@@H]2[C@H]1O[C@@H](O2)CN1CCOCC1)C)C,SUCCESS
CC(=O)O[C@H]1[C@@H]2CO[C@@H]2[C@@H]([C@@]2([C@@H]1[C@H](OC(=O)c1ccccc1)[C@]1(O)C[C@H](OC(=O)[C@@H]([C@H](c3ccccc3)NC(=O)c3ccccc3)O)C(=C(C1(C)C)[C@H](C2=O)OC(=O)C)C)C)O,SUCCESS
CSSCCN1CCN(CC1)C(=O)O[C@H]1C(=O)[C@]2(C)C(O)C[C@@H]3[C@](C2[C@@H]([C@]2(C(C1=C(C)[C@@H](OC(=O)[C@@H]([C@@H](NC(=O)OC(C)(C)C)C=C(C)C)O)C2)(C)C)O)OC(=O)c1ccccc1)(CO3)OC(=O)C,SUCCESS
O=C(OC(C)(C)C)N[C@H]([C@H](C(=O)O[C@H]1C[C@@]2(O)[C@@H](OCc3ccccc3)[C@H]3[C@@]([C@H]4[C@@H](C(=C1C)C2(C)C)O[C@H](O4)CN1CCOCC1)(C)CC[C@@H]1[C@]3(CO1)OC(=O)C)O)c1ncsc1,SUCCESS
CO[C@H]1C(=O)[C@]2(C)[C@@H](OC)C[C@@H]3[C@]([C@H]2[C@@H]([C@]2(C(C1=C(C)[C@@H](OC(=O)[C@@H]([C@H](c1ccccc1)NC(=O)OC(C)(C)C)O)C2)(C)C)O)OC(=O)c1ccccc1)(CO3)OC(=O)C,SUCCESS
CC(=O)O[C@@]12CO[C@@H]1CC[C@@]1([C@@H]2[C@H](OC(=O)c2ccccc2)[C@]2(O)C[C@H](OC(=O)[C@@]([C@H](c3ccccc3)NC(=O)OC(C)(C)C)(O)C)C(=C(C2(C)C)[C@@H]2[C@H]1O[C@@H](O2)CN1CCOCC1)C)C,SUCCESS
CN(C[C@@H]1O[C@H]2[C@@H](O1)[C@]1(C)CC[C@@H]3[C@]([C@H]1[C@@H]([C@]1(C(C2=C(C)[C@@H](OC(=O)[C@@H]([C@H](c2nccs2)NC(=O)OC(C)(C)C)O)C1)(C)C)O)OCc1ccccc1)(CO3)OC(=O)C)C,SUCCESS
O=C(O[C@H]1C(=O)[C@]2(C)[C@@H](OC(=O)CCc3ccc(cc3)C(=O)c3ccccc3)C[C@@H]3[C@]([C@H]2[C@@H]([C@]2(C(C1=C(C)[C@@H](O)C2)(C)C)O)OC(=O)c1ccccc1)(CO3)OC(=O)C)CCc1ccc(cc1)C(=O)c1ccccc1,SUCCESS
O=C(O[C@H]1C(=O)[C@]2(C)[C@@H](OC(=O)/C=C/c3ccc4c(c3)cccc4)C[C@@H]3[C@]([C@H]2[C@@H]([C@]2(C(C1=C(C)[C@@H](O)C2)(C)C)O)OC(=O)c1ccccc1)(CO3)OC(=O)C)/C=C/c1ccc2c(c1)cccc2,SUCCESS
O=C(O[C@H]1C[C@@]2(O)[C@@H](OC(=O)c3ccccc3)[C@@H]3[C@@]4(CO[C@@H]4C[C@@H]([C@]3(C(=O)[C@@H](C(=C1C)C2(C)C)O)C)O)OC(=O)C)/C=C/c1ccc2c(c1)cccc2,SUCCESS
COc1ccc(nc1)[C@@H]([C@H](C(=O)O[C@H]1C[C@@]2(O)[C@@H](OCc3ccccc3)[C@@H]3[C@@]4(CO[C@@H]4CC[C@]3([C@H]3[C@@H](C(=C1C)C2(C)C)O[C@H](O3)CN1CCOCC1)C)OC(=O)C)O)NC(=O)OC(C)(C)C,SUCCESS
CC(C[C@@H]([C@H](C(=O)O[C@@H]1C(=C2[C@@H](OC(=O)C)C(=O)[C@]3([C@H]([C@@H]([C@]4([C@H]1OC(=O)O4)C2(C)C)OC(=O)c1ccccc1)[C@@]1(CO[C@@H]1C[C@@H]3O)OC(=O)C)C)C)O)NC(=O)OC(C)(C)C)C,SUCCESS
CN(C[C@@H]1O[C@H]2[C@@H](O1)[C@]1(C)CC[C@@H]3[C@]([C@H]1[C@@H]([C@]1(C(C2=C(C)[C@@H](OC(=O)[C@@H]([C@H](c2cscn2)NC(=O)OC(C)(C)C)O)C1)(C)C)O)OCc1ccccc1)(CO3)OC(=O)C)C,SUCCESS
CN(C[C@@H]1O[C@H]2[C@@H](O1)[C@]1(C)CC[C@@H]3[C@]([C@H]1[C@@H]([C@]1(C(C2=C(C)[C@H](C1)OC(=O)[C@@H]([C@H](C(C)(C)C)NC(=O)OC(C)(C)C)O)(C)C)O)OCc1ccccc1)(CO3)OC(=O)C)C,SUCCESS
CSSCCOCCOCCOCCOCCOCCOCCOCCOCCOCCOCCC(=O)O[C@H]1C(=O)[C@]2(C)C(O)C[C@@H]3[C@](C2[C@@H]([C@]2(C(C1=C(C)[C@@H](OC(=O)[C@@H]([C@@H](NC(=O)OC(C)(C)C)C=C(C)C)O)C2)(C)C)O)OC(=O)c1cc(OC)ccc1OC)(CO3)OC(=O)C,SUCCESS
CSSCCC(=O)O[C@H]1C(=O)[C@]2(C)C(O)C[C@@H]3[C@](C2[C@@H]([C@]2(C(C1=C(C)[C@@H](OC(=O)[C@@H]([C@@H](NC(=O)OC(C)(C)C)C=C(C)C)O)C2)(C)C)O)OC(=O)c1cc(OC)ccc1OC)(CO3)OC(=O)C,SUCCESS
CC(=O)O[C@@]12CO[C@@H]1C[C@@H]([C@@]1([C@@H]2[C@H](OC(=O)c2ccccc2)[C@]2(O)C[C@H](OC(=O)[C@@H]([C@H](c3ccccc3)NC(=O)OC(C)(C)C)O)C(=C(C2(C)C)[C@H](C1=O)O)C)C)O.O.O.O,SUCCESS
CC(=O)O[C@H]1C[C@@]2(O)[C@@H](OC(=O)c3ccccc3)[C@H]3[C@@](C(=O)[C@@H](C(=C1C)C2(C)C)OC(=O)C)(C)[C@@H](OC(=O)/C=C/c1ccc(cc1)C(=O)c1ccccc1)C[C@@H]1[C@]3(CO1)OC(=O)C,SUCCESS
CC(=O)O[C@@]12CO[C@@H]1CC[C@@]1([C@@H]2[C@H](OC(=O)c2ccccc2)[C@]2(O)C[C@H](OC(=O)[C@@H]([C@H](c3ccccc3)NC(=O)OC(C)(C)C)O)C(=C(C2(C)C)[C@@H]2[C@H]1O[C@@H](O2)CN1CCOCC1)C)C,SUCCESS
CSSCCN1CCN(CC1)C(=O)O[C@H]1C(=O)[C@]2(C)C(O)C[C@@H]3[C@](C2[C@@H]([C@]2(C(C1=C(C)[C@@H](OC(=O)[C@@H]([C@@H](NC(=O)OC(C)(C)C)C=C(C)C)O)C2)(C)C)O)OC(=O)c1cc(OC)ccc1OC)(CO3)OC(=O)C,SUCCESS
O=C(OC(C)(C)C)N[C@H]([C@H](C(=O)O[C@H]1C[C@@]2(O)[C@@H](OCc3ccccc3)[C@H]3[C@@]([C@H]4[C@@H](C(=C1C)C2(C)C)O[C@H](O4)CN1CCOCC1)(C)CC[C@@H]1[C@]3(CO1)OC(=O)C)O)c1cccc(n1)F,SUCCESS
CC(=O)O[C@@]12CO[C@@H]1C[C@@H]([C@@]1([C@@H]2[C@H](OCc2ccccc2)[C@]2(O)C[C@H](OC(=O)[C@@H]([C@H](c3ccccc3)NC(=O)OC(C)(C)C)O)C(=C(C2(C)C)[C@H](C1=O)O)C)C)O,SUCCESS
CC(=O)OCC[C@@]12[C@@H](OC(=O)C)C[C@@H](C(=C)[C@H]1[C@H](OC(=O)C)[C@@H]1CC(=O)[C@@]3([C@]([C@H]([C@@H]2OC(=O)C)OC(=O)C)([C@@]1(C)CO3)O)C)OC(=O)/C=C/c1ccccc1,SUCCESS
CN(C[C@@H]1O[C@H]2[C@@H](O1)[C@]1(C)CC[C@@H]3[C@]([C@H]1[C@@H]([C@]1(C(C2=C(C)[C@@H](OC(=O)[C@@H]([C@H](c2ncccc2F)NC(=O)OC(C)(C)C)O)C1)(C)C)O)OC(=O)c1ccccc1)(CO3)OC(=O)C)C,SUCCESS
CN(C[C@@H]1O[C@H]2[C@@H](O1)[C@]1(C)CC[C@@H]3[C@]([C@H]1[C@@H]([C@]1(C(C2=C(C)[C@@H](OC(=O)[C@@H]([C@H](c2cncs2)NC(=O)OC(C)(C)C)O)C1)(C)C)O)OCc1ccccc1)(CO3)OC(=O)C)C,SUCCESS
O=C(OC(C)(C)C)N[C@H]([C@H](C(=O)O[C@H]1C[C@@]2(O)[C@@H](OCc3ccccc3)[C@H]3[C@@]([C@H]4[C@@H](C(=C1C)C2(C)C)O[C@H](O4)CN1CCOCC1)(C)CC[C@@H]1[C@]3(CO1)OC(=O)C)O)c1scnc1,SUCCESS
CCC(=O)O[C@H]1C[C@H]2OC[C@]2(C2[C@]1(C)C(=O)[C@H](O)C1=C(C)[C@H](C[C@@]([C@H]2OC(=O)c2ccccc2)(C1(C)C)O)OC(=O)[C@@H]([C@H](c1ccco1)CC(=O)OC(C)(C)C)O)OC(=O)C,SUCCESS
O=C(OC(C)(C)C)N[C@H]([C@](C(=O)O[C@H]1C[C@@]2(O)[C@@H](OC(=O)c3ccccc3)[C@@H]3[C@@]4(CO[C@@H]4CC[C@]3([C@H]3[C@@H](C(=C1C)C2(C)C)O[C@H](O3)CN1CCOCC1)C)OC(=O)C)(O)C)c1ccccn1,SUCCESS
O=C(O[C@H]1C(=O)[C@]2(C)[C@@H](O)C[C@@H]3[C@]([C@H]2[C@@H]([C@]2(C(C1=C(C)[C@@H](O)C2)(C)C)O)OC(=O)c1ccccc1)(CO3)OC(=O)C)/C=C/c1ccc(cc1)C(=O)c1ccccc1,SUCCESS
O=C(O[C@H]1C[C@@]2(O)[C@@H](OC(=O)c3ccccc3)[C@H]3[C@@](C(=O)[C@@H](C(=C1C)C2(C)C)OC(=O)OCC(Cl)(Cl)Cl)(C)[C@@H](OC(=O)OCC(Cl)(Cl)Cl)C[C@@H]1[C@]3(CO1)OC(=O)C)/C=C/c1ccc2c(c1)cccc2,SUCCESS
CNC[C@@H]1O[C@H]2[C@@H](O1)[C@]1(C)CC[C@@H]3[C@]([C@H]1[C@@H]([C@]1(C(C2=C(C)[C@@H](OC(=O)[C@@H]([C@H](c2ccccn2)NC(=O)OC(C)(C)C)O)C1)(C)C)O)OCc1ccccc1)(CO3)OC(=O)C,SUCCESS
CC(=O)O[C@H]1[C@@H]2CO[C@@H]2[C@H]2[C@@]3([C@@H]1[C@H](OC(=O)c1ccccc1)[C@]1(O)C[C@H](OC(=O)[C@@H]([C@H](c4ccccc4)NC(=O)c4ccccc4)O)C(=C(C1(C)C)[C@H](C3=O)OCOCCOCO2)C)C,SUCCESS
CC(=O)O[C@H]1C(=O)[C@]23C[C@H]2C[C@@H]2[C@]([C@H]3[C@@H]([C@]3(C(C1=C(C)[C@@H](OC(=O)[C@@H]([C@H](c1ccccc1)NC(=O)OC(C)(C)C)O)C3)(C)C)O)OC(=O)c1ccccc1)(CO2)OC(=O)C,SUCCESS
CC(=O)O[C@H]1C(=O)[C@]2(C)[C@@H](OC(=O)/C=C/c3ccc4c(c3)cccc4)C[C@@H]3[C@]([C@H]2[C@@H]([C@]2(C(C1=C(C)[C@@H](OC(=O)C)C2)(C)C)O)OC(=O)c1ccccc1)(CO3)OC(=O)C,SUCCESS
O=C(OC(C)(C)C)N[C@@H](C(C)(C)C)[C@H](C(=O)O[C@H]1C[C@@]2(O)[C@@H](OCc3ccccc3)[C@H]3[C@@]([C@H]4[C@@H](C(=C1C)C2(C)C)O[C@H](O4)CN1CCOCC1)(C)CC[C@@H]1[C@]3(CO1)OC(=O)C)O,SUCCESS
CC(=O)O[C@@]12CO[C@@H]1C[C@@H]([C@@]1([C@@H]2[C@H](OC(=O)c2ccccc2)[C@]2(O)C[C@H](OC(=O)[C@@H]([C@H](c3ccccc3)NC(=O)OC(C)(C)C)O)C(=C(C2(C)C)[C@H](C1=O)O)C)C)O,SUCCESS
CN(C[C@@H]1O[C@H]2[C@@H](O1)[C@]1(C)CC[C@@H]3[C@]([C@H]1[C@@H]([C@]1(C(C2=C(C)[C@@H](OC(=O)[C@@H]([C@H](c2cccc(n2)F)NC(=O)OC(C)(C)C)O)C1)(C)C)O)OCc1ccccc1)(CO3)OC(=O)C)C,SUCCESS
CN(C[C@@H]1O[C@H]2[C@@H](O1)[C@]1(C)CC[C@@H]3[C@]([C@H]1[C@@H]([C@]1(C(C2=C(C)[C@@H](OC(=O)[C@@H]([C@H](c2ccccn2)NC(=O)OC(C)(C)C)O)C1)(C)C)O)OCc1ccccc1)(CO3)OC(=O)C)C,SUCCESS
CC(=O)O[C@H]1C[C@@]2(O)[C@@H](OC(=O)/C=C/c3ccc(cc3)C(=O)c3ccccc3)[C@@H]3[C@@]4(CO[C@@H]4C[C@@H]([C@]3(C(=O)[C@@H](C(=C1C)C2(C)C)OC(=O)C)C)OC(=O)C)OC(=O)C,SUCCESS
O=C(OC(C)(C)C)N[C@H]([C@H](C(=O)O[C@H]1C[C@@]2(O)[C@@H](OCc3ccccc3)[C@H]3[C@@]([C@H]4[C@@H](C(=C1C)C2(C)C)O[C@H](O4)CN1CCOCC1)(C)CC[C@@H]1[C@]3(CO1)OC(=O)C)O)c1ccc(cn1)F,SUCCESS
CC(=O)O[C@H]1C[C@@]2(O)[C@@H](OC(=O)CCc3ccc4c(c3)cccc4)[C@@H]3[C@@]4(CO[C@@H]4C[C@@H]([C@]3(C(=O)[C@@H](C(=C1C)C2(C)C)OC(=O)C)C)OC(=O)C)OC(=O)C,SUCCESS
O=C(O[C@H]1C(=O)[C@]2(C)[C@@H](OC(=O)/C=C/c3ccc4c(c3)cccc4)C[C@@H]3[C@]([C@H]2[C@@H]([C@]2(C(C1=C(C)[C@@H](O)C2)(C)C)O)OC(=O)c1ccccc1)(CO3)OC(=O)C)CCc1ccc(cc1)C(=O)c1ccccc1,SUCCESS
CN([C@@H]1C(=C(C(=O)N)C(=O)[C@@]2([C@H]1[C@@H](O)[C@@H]1C(=C)c3cccc(c3C(=O)C1=C2O)O)O)O)C.Cl,SUCCESS
CN([C@@H]1C(=C(C(=O)N)C(=O)[C@@]2([C@H]1C[C@H]1C(=C2O)C(=O)c2c([C@@]1(C)O)c(Cl)ccc2O)O)O)C.Cl,SUCCESS
CN([C@@H]1C(=C(C(=O)N)C(=O)[C@@]2([C@H]1[C@@H](O)[C@H]1C(=C2O)C(=O)c2c([C@@]1(C)O)cccc2O)O)O)C.Cl,SUCCESS
CN([C@@H]1C(=C(C(=O)N)C(=O)[C@@]2([C@H]1C[C@@H]1Cc3cccc(c3C(=O)C1=C2O)O)O)O)C,SUCCESS
CON(Cc1ccc(c2c1C[C@H]1C[C@H]3[C@H](N(C)C)C(=C(C(=O)[C@]3(C(=C1C2=O)O)O)C(=O)N)O)O)C.Cl,SUCCESS
OP(=O)(O)O.CN([C@@H]1C(=C(C(=O)N)C(=O)[C@@]2([C@H]1C[C@H]1C(=C2O)C(=O)c2c([C@@]1(C)O)cccc2O)O)O)C,SUCCESS
OS(=O)(=O)O.CN([C@@H]1C(=C(C(=O)N)C(=O)[C@@]2([C@H]1C[C@H]1C(=C2O)C(=O)c2c([C@@]1(C)O)c(Cl)ccc2O)O)O)C,SUCCESS
OCCN1CCN(CC1)CNC(=O)C1=C(O)[C@@H](N(C)C)[C@H]2[C@](C1=O)(O)C(=C1[C@H](C2)[C@](C)(O)c2c(C1=O)c(O)ccc2)O,SUCCESS
OCCN1CCN(CC1)C(C(=O)O)NC(=O)C1=C(O)[C@@H](N(C)C)[C@H]2[C@](C1=O)(O)C(=C1[C@H](C2)[C@](C)(O)c2c(C1=O)c(O)ccc2)O,SUCCESS
OC(=O)C1CCCN(C1)CNC(=O)C1=C(O)[C@@H](N(C)C)[C@H]2[C@](C1=O)(O)C(=C1[C@H](C2)[C@](C)(O)c2c(C1=O)c(O)ccc2)O,SUCCESS
CN([C@@H]1C(=C(C(=O)N)C(=O)[C@@]2([C@H]1C[C@H]1C(=C2[O-])C(=O)c2c([C@@]1(C)O)c(Cl)ccc2O)O)[O-])C.[Ca+2],SUCCESS
O=C(N[C@@H]1C(=O)N2[C@@H]1SC([C@@H]2C(=O)O)(C)C)COc1ccccc1.OCCN1CCN(CC1)CNC(=O)C1=C(O)[C@@H](N(C)C)[C@H]2[C@](C1=O)(O)C(=C1[C@H](C2)[C@](C)(O)c2c(C1=O)c(O)ccc2)O,SUCCESS
OC[C@H]1O[C@@H](O)[C@@H]([C@H]([C@@H]1O)O)NCNC(=O)C1=C(O)[C@@H](N(C)C)[C@H]2[C@](C1=O)(O)C(=C1[C@H](C2)[C@](C)(O)c2c(C1=O)c(O)ccc2)O,SUCCESS
CN(CNC(=O)C1=C(O)[C@@H](N(C)C)[C@H]2[C@](C1=O)(O)C(=C1[C@H](C2)[C@](C)(O)c2c(C1=O)c(O)ccc2)O)CCN(CNC(=O)C1=C(O)[C@@H](N(C)C)[C@H]2[C@](C1=O)(O)C(=C1[C@H](C2)[C@](C)(O)c2c(C1=O)c(O)ccc2)O)C,SUCCESS
OCNC(=O)C1=C(O)[C@@H](N(C)C)[C@H]2[C@](C1=O)(O)C(=C1[C@H](C2)[C@](C)(O)c2c(C1=O)c(O)ccc2Cl)O,SUCCESS
CN([C@@H]1C(=C(C(=O)N)C(=O)[C@@]2([C@H]1C[C@@H]1Cc3c(C(=O)C1=C2O)c(O)ccc3N(C)C)O)O)C,SUCCESS
O=C(Nc1cc(N(C)C)c2c(c1O)C(=O)C1=C(O)[C@]3([C@@H](C[C@@H]1C2)[C@H](N(C)C)C(=C(C3=O)C(=O)N)O)O)CNC(C)(C)C,SUCCESS
CN([C@@H]1C(=C(C(=O)N)C(=O)[C@@]2([C@H]1[C@@H](O)[C@@H]1[C@@H](C)c3cccc(c3C(=O)C1=C2O)O)O)O)C.Cl,SUCCESS
CN([C@@H]1C(=C(C(=O)N)C(=O)[C@@]2([C@H]1[C@@H](O)[C@H]1C(=C2O)C(=O)c2c([C@@]1(C)O)cccc2O)O)O)C,SUCCESS
NC(=N)NC(=N)N1CCN(CC1)CNC(=O)C1=C(O)[C@@H](N(C)C)[C@H]2[C@](C1=O)(O)C(=C1[C@H](C2)[C@](C)(O)c2c(C1=O)c(O)ccc2)O,SUCCESS
CC1(C)S[C@H]2N([C@H]1C(=O)O)C(=O)[C@H]2NC(=O)[C@@H](c1ccccc1)NCNC(=O)C1=C(O)[C@@H](N(C)C)[C@H]2[C@](C1=O)(O)C(=C1[C@H](C2)[C@](C)(O)c2c(C1=O)c(O)ccc2)O,SUCCESS
CN([C@@H]1C(=C(C(=O)NCN2CCCC2)C(=O)[C@@]2([C@H]1C[C@H]1C(=C2O)C(=O)c2c([C@@]1(C)O)cccc2O)O)O)C,SUCCESS
CN([C@@H]1C(=C(C(=O)N)C(=O)[C@@]2([C@H]1[C@@H](O)[C@@H]1[C@@H](C)c3cccc(c3C(=O)C1=C2O)O)O)O)C.O,SUCCESS
CC(=O)C1=C(O)[C@H](N)[C@H]2[C@](C1=O)(O)C(=O)c1c(C2)c(C)c2c(c1O)c(O)c(cc2)C,SUCCESS
CN([C@@H]1C(=C(C(=O)N)C(=O)[C@@]2([C@H]1C[C@@H]1Cc3c(C(=O)C1=C2O)c(O)ccc3[N+](=O)[O-])O)O)C,SUCCESS
CN([C@@H]1C(=C(C(=O)NCN2CCCC2)C(=O)[C@@]2([C@H]1C[C@H]1C(=C2O)C(=O)c2c([C@@]1(C)O)cccc2O)O)O)C.[O-][N+](=O)O,SUCCESS
CN([C@@H]1C(=C(C(=O)N)C(=O)[C@@]2([C@H]1C[C@H]1C(=C2O)C(=O)c2c([C@@]1(C)O)c(Cl)ccc2O)O)O)C,SUCCESS
CN([C@@H]1C(=C(C(=O)N)C(=O)[C@@]2([C@H]1C[C@@H]1Cc3c(cc(c(c3C(=O)C1=C2O)O)CNCC(C)(C)C)N(C)C)O)O)C,SUCCESS
CN([C@H]1C(=C(C(=O)N)C(=O)[C@@]2([C@H]1C[C@H]1C(=C2O)C(=O)c2c([C@@]1(C)O)cccc2O)O)O)C.Cl,SUCCESS
N[C@H](C(=O)O)CCCCNCNC(=O)C1=C(O)[C@@H](N(C)C)[C@H]2[C@](C1=O)(O)C(=C1[C@H](C2)[C@](C)(O)c2c(C1=O)c(O)ccc2)O,SUCCESS
CN([C@@H]1C(=C(C(=O)N)C(=O)[C@@]2([C@H]1[C@@H](O)[C@@H]1[C@@H](C)c3cccc(c3C(=O)C1=C2O)O)O)O)C,SUCCESS
O[C@H]1[C@H]2C(=C([C@]3([C@@H]1[C@H](N(C)C)C(=C(C3=O)C(=O)N)O)O)O)C(=O)c1c(C2=C)c(Cl)ccc1O.OC(=O)c1cc(ccc1O)S(=O)(=O)O,SUCCESS
CN([C@@H]1C(=C(C(=O)N)C(=O)[C@@]2([C@H]1C[C@@H]1[C@H](O)c3cccc(c3C(=O)C1=C2O)O)O)O)C,SUCCESS
CN([C@@H]1C(=C(C(=O)N)C(=O)[C@@]2([C@H]1[C@@H](O)[C@@H]1[C@@H](C)c3cccc(c3C(=O)C1=C2O)O)O)O)C.OP(=O)=O.OP(=O)=O.OP(=O)=O.[O-]P(=O)=O.[Na+],SUCCESS
CN([C@@H]1C(=C(C(=O)N)C(=O)[C@@]2([C@H]1C[C@@H]1Cc3c(C(=O)C1=C2O)c(O)ccc3N(C)C)O)O)C.Cl,SUCCESS
O=C(Nc1cc(F)c2c(c1O)C(=O)C1=C(O)[C@]3([C@@H](C[C@@H]1C2)[C@H](N(C)C)C(=C(C3=O)C(=O)N)O)O)CN1CCCC1,SUCCESS
O[C@H]1[C@H]2C(=C([C@]3([C@@H]1[C@H](N(C)C)C(=C(C3=O)C(=O)N)O)O)O)C(=O)c1c(C2=C)c(Cl)ccc1O,SUCCESS
CN([C@@H]1C(=C(C(=O)N)C(=O)[C@@]2([C@H]1C[C@@H]1Cc3ccc(c(c3C(=O)C1=C2O)O)N)O)O)C,SUCCESS
CN([C@@H]1C(=C(C(=O)N)C(=O)[C@@]2([C@H]1C[C@H]1C(=C2O)C(=O)c2c([C@@]1(C)O)cccc2O)O)O)C,SUCCESS
CN([C@@H]1C(=C(C(=O)N)C(=O)[C@@]2([C@H]1C[C@H]1C(=C2O)C(=O)c2c([C@@]1(C)O)cccc2O)O)O)C.Cl,SUCCESS
CN([C@@H]1C(=C(C(=O)N)C(=O)[C@@]2([C@H]1[C@@H](O)[C@@H]1C(=C)c3cccc(c3C(=O)C1=C2O)O)O)O)C,SUCCESS
CC(=O)C1=C(O)[C@H](N)[C@H]2[C@](C1=O)(O)C(=O)c1c(C2)c(C)c2c(c1O)c(O)c(cc2)C.Cl,SUCCESS
CN([C@@H]1C(=C(C(=O)N)C(=O)[C@@]2([C@H]1C[C@@H]1Cc3c(cc(c(c3C(=O)C1=C2O)O)CNCC(C)(C)C)N(C)C)O)O)C.Cc1ccc(cc1)S(=O)(=O)O,SUCCESS
CN([C@@H]1C(=C(C(=O)N)C(=O)[C@@]2([C@H]1C[C@H]1C(=C2O)C(=O)c2c([C@H]1O)c(Cl)ccc2O)O)O)C,SUCCESS
CN([C@@H]1C(=C(C(=O)N)C(=O)[C@@]2([C@H]1C[C@H]1C(=C2O)C(=O)c2c([C@H]1O)c(Cl)ccc2O)O)O)C.Cl,SUCCESS
O=C(Nc1cc(F)c2c(c1O)C(=O)C1=C(O)[C@]3([C@@H](C[C@@H]1C2)[C@H](N(C)C)C(=C(C3=O)C(=O)N)O)O)CN1CCCC1.Cl.Cl,SUCCESS
CN([C@@H]1C(=C(C(=O)N)C(=O)[C@@]2([C@H]1C[C@@H]1[C@@H](C)c3cccc(c3C(=O)C1=C2O)O)O)O)C.Cl,SUCCESS
CN([C@H]1C(=C(C(=O)N)C(=O)[C@@]2([C@H]1C[C@H]1C(=C2O)C(=O)c2c([C@@]1(C)O)cccc2O)O)O)C,SUCCESS
CON(Cc1ccc(c2c1C[C@H]1C[C@H]3[C@H](N(C)C)C(=C(C(=O)[C@]3(C(=C1C2=O)O)O)C(=O)N)O)O)C,SUCCESS
